--
-- PostgreSQL database dump
--

-- Dumped from database version 16.9 (Debian 16.9-1.pgdg120+1)
-- Dumped by pg_dump version 16.9 (Homebrew)

SET statement_timeout = 0;
SET lock_timeout = 0;
SET idle_in_transaction_session_timeout = 0;
SET client_encoding = 'UTF8';
SET standard_conforming_strings = on;
SELECT pg_catalog.set_config('search_path', '', false);
SET check_function_bodies = false;
SET xmloption = content;
SET client_min_messages = warning;
SET row_security = off;

--
-- Name: public; Type: SCHEMA; Schema: -; Owner: diagnostic_user
--

-- *not* creating schema, since initdb creates it


ALTER SCHEMA public OWNER TO diagnostic_user;

SET default_tablespace = '';

SET default_table_access_method = heap;

--
-- Name: auth_group; Type: TABLE; Schema: public; Owner: diagnostic_user
--

CREATE TABLE public.auth_group (
    id integer NOT NULL,
    name character varying(150) NOT NULL
);


ALTER TABLE public.auth_group OWNER TO diagnostic_user;

--
-- Name: auth_group_id_seq; Type: SEQUENCE; Schema: public; Owner: diagnostic_user
--

ALTER TABLE public.auth_group ALTER COLUMN id ADD GENERATED BY DEFAULT AS IDENTITY (
    SEQUENCE NAME public.auth_group_id_seq
    START WITH 1
    INCREMENT BY 1
    NO MINVALUE
    NO MAXVALUE
    CACHE 1
);


--
-- Name: auth_group_permissions; Type: TABLE; Schema: public; Owner: diagnostic_user
--

CREATE TABLE public.auth_group_permissions (
    id bigint NOT NULL,
    group_id integer NOT NULL,
    permission_id integer NOT NULL
);


ALTER TABLE public.auth_group_permissions OWNER TO diagnostic_user;

--
-- Name: auth_group_permissions_id_seq; Type: SEQUENCE; Schema: public; Owner: diagnostic_user
--

ALTER TABLE public.auth_group_permissions ALTER COLUMN id ADD GENERATED BY DEFAULT AS IDENTITY (
    SEQUENCE NAME public.auth_group_permissions_id_seq
    START WITH 1
    INCREMENT BY 1
    NO MINVALUE
    NO MAXVALUE
    CACHE 1
);


--
-- Name: auth_permission; Type: TABLE; Schema: public; Owner: diagnostic_user
--

CREATE TABLE public.auth_permission (
    id integer NOT NULL,
    name character varying(255) NOT NULL,
    content_type_id integer NOT NULL,
    codename character varying(100) NOT NULL
);


ALTER TABLE public.auth_permission OWNER TO diagnostic_user;

--
-- Name: auth_permission_id_seq; Type: SEQUENCE; Schema: public; Owner: diagnostic_user
--

ALTER TABLE public.auth_permission ALTER COLUMN id ADD GENERATED BY DEFAULT AS IDENTITY (
    SEQUENCE NAME public.auth_permission_id_seq
    START WITH 1
    INCREMENT BY 1
    NO MINVALUE
    NO MAXVALUE
    CACHE 1
);


--
-- Name: auth_user; Type: TABLE; Schema: public; Owner: diagnostic_user
--

CREATE TABLE public.auth_user (
    id integer NOT NULL,
    password character varying(128) NOT NULL,
    last_login timestamp with time zone,
    is_superuser boolean NOT NULL,
    username character varying(150) NOT NULL,
    first_name character varying(150) NOT NULL,
    last_name character varying(150) NOT NULL,
    email character varying(254) NOT NULL,
    is_staff boolean NOT NULL,
    is_active boolean NOT NULL,
    date_joined timestamp with time zone NOT NULL
);


ALTER TABLE public.auth_user OWNER TO diagnostic_user;

--
-- Name: auth_user_groups; Type: TABLE; Schema: public; Owner: diagnostic_user
--

CREATE TABLE public.auth_user_groups (
    id bigint NOT NULL,
    user_id integer NOT NULL,
    group_id integer NOT NULL
);


ALTER TABLE public.auth_user_groups OWNER TO diagnostic_user;

--
-- Name: auth_user_groups_id_seq; Type: SEQUENCE; Schema: public; Owner: diagnostic_user
--

ALTER TABLE public.auth_user_groups ALTER COLUMN id ADD GENERATED BY DEFAULT AS IDENTITY (
    SEQUENCE NAME public.auth_user_groups_id_seq
    START WITH 1
    INCREMENT BY 1
    NO MINVALUE
    NO MAXVALUE
    CACHE 1
);


--
-- Name: auth_user_id_seq; Type: SEQUENCE; Schema: public; Owner: diagnostic_user
--

ALTER TABLE public.auth_user ALTER COLUMN id ADD GENERATED BY DEFAULT AS IDENTITY (
    SEQUENCE NAME public.auth_user_id_seq
    START WITH 1
    INCREMENT BY 1
    NO MINVALUE
    NO MAXVALUE
    CACHE 1
);


--
-- Name: auth_user_user_permissions; Type: TABLE; Schema: public; Owner: diagnostic_user
--

CREATE TABLE public.auth_user_user_permissions (
    id bigint NOT NULL,
    user_id integer NOT NULL,
    permission_id integer NOT NULL
);


ALTER TABLE public.auth_user_user_permissions OWNER TO diagnostic_user;

--
-- Name: auth_user_user_permissions_id_seq; Type: SEQUENCE; Schema: public; Owner: diagnostic_user
--

ALTER TABLE public.auth_user_user_permissions ALTER COLUMN id ADD GENERATED BY DEFAULT AS IDENTITY (
    SEQUENCE NAME public.auth_user_user_permissions_id_seq
    START WITH 1
    INCREMENT BY 1
    NO MINVALUE
    NO MAXVALUE
    CACHE 1
);


--
-- Name: core_abonnement; Type: TABLE; Schema: public; Owner: diagnostic_user
--

CREATE TABLE public.core_abonnement (
    id bigint NOT NULL,
    date_debut date NOT NULL,
    actif boolean NOT NULL,
    utilisateur_id integer NOT NULL,
    type_id bigint NOT NULL,
    vehicule_id bigint NOT NULL,
    date_fin date,
    apiuser character varying(100),
    statut_paiement character varying(100),
    token text,
    montant numeric(8,2)
);


ALTER TABLE public.core_abonnement OWNER TO diagnostic_user;

--
-- Name: core_abonnement_id_seq; Type: SEQUENCE; Schema: public; Owner: diagnostic_user
--

ALTER TABLE public.core_abonnement ALTER COLUMN id ADD GENERATED BY DEFAULT AS IDENTITY (
    SEQUENCE NAME public.core_abonnement_id_seq
    START WITH 1
    INCREMENT BY 1
    NO MINVALUE
    NO MAXVALUE
    CACHE 1
);


--
-- Name: core_diagnostic; Type: TABLE; Schema: public; Owner: diagnostic_user
--

CREATE TABLE public.core_diagnostic (
    id bigint NOT NULL,
    fichier character varying(100) NOT NULL,
    date_envoi timestamp with time zone NOT NULL,
    etat character varying(20) NOT NULL,
    vehicule_id bigint NOT NULL
);


ALTER TABLE public.core_diagnostic OWNER TO diagnostic_user;

--
-- Name: core_diagnostic_id_seq; Type: SEQUENCE; Schema: public; Owner: diagnostic_user
--

ALTER TABLE public.core_diagnostic ALTER COLUMN id ADD GENERATED BY DEFAULT AS IDENTITY (
    SEQUENCE NAME public.core_diagnostic_id_seq
    START WITH 1
    INCREMENT BY 1
    NO MINVALUE
    NO MAXVALUE
    CACHE 1
);


--
-- Name: core_message; Type: TABLE; Schema: public; Owner: diagnostic_user
--

CREATE TABLE public.core_message (
    id bigint NOT NULL,
    content text NOT NULL,
    fichier character varying(100),
    "timestamp" timestamp with time zone NOT NULL,
    recipient_id integer NOT NULL,
    sender_id integer NOT NULL,
    parent_id bigint
);


ALTER TABLE public.core_message OWNER TO diagnostic_user;

--
-- Name: core_message_id_seq; Type: SEQUENCE; Schema: public; Owner: diagnostic_user
--

ALTER TABLE public.core_message ALTER COLUMN id ADD GENERATED BY DEFAULT AS IDENTITY (
    SEQUENCE NAME public.core_message_id_seq
    START WITH 1
    INCREMENT BY 1
    NO MINVALUE
    NO MAXVALUE
    CACHE 1
);


--
-- Name: core_paiement; Type: TABLE; Schema: public; Owner: diagnostic_user
--

CREATE TABLE public.core_paiement (
    id bigint NOT NULL,
    montant numeric(8,2) NOT NULL,
    date timestamp with time zone NOT NULL,
    methode character varying(20) NOT NULL,
    statut character varying(20) NOT NULL,
    abonnement_id bigint NOT NULL
);


ALTER TABLE public.core_paiement OWNER TO diagnostic_user;

--
-- Name: core_paiement_id_seq; Type: SEQUENCE; Schema: public; Owner: diagnostic_user
--

ALTER TABLE public.core_paiement ALTER COLUMN id ADD GENERATED BY DEFAULT AS IDENTITY (
    SEQUENCE NAME public.core_paiement_id_seq
    START WITH 1
    INCREMENT BY 1
    NO MINVALUE
    NO MAXVALUE
    CACHE 1
);


--
-- Name: core_protocole; Type: TABLE; Schema: public; Owner: diagnostic_user
--

CREATE TABLE public.core_protocole (
    id bigint NOT NULL,
    fichier character varying(100) NOT NULL,
    date_envoi timestamp with time zone NOT NULL,
    diagnostic_id bigint NOT NULL
);


ALTER TABLE public.core_protocole OWNER TO diagnostic_user;

--
-- Name: core_protocole_id_seq; Type: SEQUENCE; Schema: public; Owner: diagnostic_user
--

ALTER TABLE public.core_protocole ALTER COLUMN id ADD GENERATED BY DEFAULT AS IDENTITY (
    SEQUENCE NAME public.core_protocole_id_seq
    START WITH 1
    INCREMENT BY 1
    NO MINVALUE
    NO MAXVALUE
    CACHE 1
);


--
-- Name: core_rendezvous; Type: TABLE; Schema: public; Owner: diagnostic_user
--

CREATE TABLE public.core_rendezvous (
    id bigint NOT NULL,
    nom character varying(100) NOT NULL,
    email character varying(254) NOT NULL,
    immatriculation character varying(50) NOT NULL,
    date date NOT NULL,
    message text NOT NULL,
    phone character varying(9),
    motif character varying(100)
);


ALTER TABLE public.core_rendezvous OWNER TO diagnostic_user;

--
-- Name: core_rendezvous_id_seq; Type: SEQUENCE; Schema: public; Owner: diagnostic_user
--

ALTER TABLE public.core_rendezvous ALTER COLUMN id ADD GENERATED BY DEFAULT AS IDENTITY (
    SEQUENCE NAME public.core_rendezvous_id_seq
    START WITH 1
    INCREMENT BY 1
    NO MINVALUE
    NO MAXVALUE
    CACHE 1
);


--
-- Name: core_typeabonnement; Type: TABLE; Schema: public; Owner: diagnostic_user
--

CREATE TABLE public.core_typeabonnement (
    id bigint NOT NULL,
    montant numeric(8,2) NOT NULL,
    type character varying(20) NOT NULL,
    duree integer NOT NULL,
    CONSTRAINT core_typeabonnement_duree_check CHECK ((duree >= 0))
);


ALTER TABLE public.core_typeabonnement OWNER TO diagnostic_user;

--
-- Name: core_typeabonnement_id_seq; Type: SEQUENCE; Schema: public; Owner: diagnostic_user
--

ALTER TABLE public.core_typeabonnement ALTER COLUMN id ADD GENERATED BY DEFAULT AS IDENTITY (
    SEQUENCE NAME public.core_typeabonnement_id_seq
    START WITH 1
    INCREMENT BY 1
    NO MINVALUE
    NO MAXVALUE
    CACHE 1
);


--
-- Name: core_vehicule; Type: TABLE; Schema: public; Owner: diagnostic_user
--

CREATE TABLE public.core_vehicule (
    id bigint NOT NULL,
    marque character varying(100) NOT NULL,
    modele character varying(100) NOT NULL,
    annee integer NOT NULL,
    numero_chassis character varying(100) NOT NULL,
    utilisateur_id integer NOT NULL,
    CONSTRAINT core_vehicule_annee_check CHECK ((annee >= 0))
);


ALTER TABLE public.core_vehicule OWNER TO diagnostic_user;

--
-- Name: core_vehicule_id_seq; Type: SEQUENCE; Schema: public; Owner: diagnostic_user
--

ALTER TABLE public.core_vehicule ALTER COLUMN id ADD GENERATED BY DEFAULT AS IDENTITY (
    SEQUENCE NAME public.core_vehicule_id_seq
    START WITH 1
    INCREMENT BY 1
    NO MINVALUE
    NO MAXVALUE
    CACHE 1
);


--
-- Name: django_admin_log; Type: TABLE; Schema: public; Owner: diagnostic_user
--

CREATE TABLE public.django_admin_log (
    id integer NOT NULL,
    action_time timestamp with time zone NOT NULL,
    object_id text,
    object_repr character varying(200) NOT NULL,
    action_flag smallint NOT NULL,
    change_message text NOT NULL,
    content_type_id integer,
    user_id integer NOT NULL,
    CONSTRAINT django_admin_log_action_flag_check CHECK ((action_flag >= 0))
);


ALTER TABLE public.django_admin_log OWNER TO diagnostic_user;

--
-- Name: django_admin_log_id_seq; Type: SEQUENCE; Schema: public; Owner: diagnostic_user
--

ALTER TABLE public.django_admin_log ALTER COLUMN id ADD GENERATED BY DEFAULT AS IDENTITY (
    SEQUENCE NAME public.django_admin_log_id_seq
    START WITH 1
    INCREMENT BY 1
    NO MINVALUE
    NO MAXVALUE
    CACHE 1
);


--
-- Name: django_content_type; Type: TABLE; Schema: public; Owner: diagnostic_user
--

CREATE TABLE public.django_content_type (
    id integer NOT NULL,
    app_label character varying(100) NOT NULL,
    model character varying(100) NOT NULL
);


ALTER TABLE public.django_content_type OWNER TO diagnostic_user;

--
-- Name: django_content_type_id_seq; Type: SEQUENCE; Schema: public; Owner: diagnostic_user
--

ALTER TABLE public.django_content_type ALTER COLUMN id ADD GENERATED BY DEFAULT AS IDENTITY (
    SEQUENCE NAME public.django_content_type_id_seq
    START WITH 1
    INCREMENT BY 1
    NO MINVALUE
    NO MAXVALUE
    CACHE 1
);


--
-- Name: django_migrations; Type: TABLE; Schema: public; Owner: diagnostic_user
--

CREATE TABLE public.django_migrations (
    id bigint NOT NULL,
    app character varying(255) NOT NULL,
    name character varying(255) NOT NULL,
    applied timestamp with time zone NOT NULL
);


ALTER TABLE public.django_migrations OWNER TO diagnostic_user;

--
-- Name: django_migrations_id_seq; Type: SEQUENCE; Schema: public; Owner: diagnostic_user
--

ALTER TABLE public.django_migrations ALTER COLUMN id ADD GENERATED BY DEFAULT AS IDENTITY (
    SEQUENCE NAME public.django_migrations_id_seq
    START WITH 1
    INCREMENT BY 1
    NO MINVALUE
    NO MAXVALUE
    CACHE 1
);


--
-- Name: django_session; Type: TABLE; Schema: public; Owner: diagnostic_user
--

CREATE TABLE public.django_session (
    session_key character varying(40) NOT NULL,
    session_data text NOT NULL,
    expire_date timestamp with time zone NOT NULL
);


ALTER TABLE public.django_session OWNER TO diagnostic_user;

--
-- Data for Name: auth_group; Type: TABLE DATA; Schema: public; Owner: diagnostic_user
--

COPY public.auth_group (id, name) FROM stdin;
1	Administration
\.


--
-- Data for Name: auth_group_permissions; Type: TABLE DATA; Schema: public; Owner: diagnostic_user
--

COPY public.auth_group_permissions (id, group_id, permission_id) FROM stdin;
1	1	1
2	1	2
3	1	3
4	1	4
5	1	5
6	1	6
7	1	7
8	1	8
9	1	9
10	1	10
11	1	11
12	1	12
13	1	13
14	1	14
15	1	15
16	1	16
17	1	17
18	1	18
19	1	19
20	1	20
21	1	21
22	1	22
23	1	23
24	1	24
25	1	29
26	1	30
27	1	32
28	1	33
29	1	34
30	1	35
31	1	36
32	1	37
33	1	38
34	1	40
35	1	45
36	1	46
37	1	47
38	1	48
\.


--
-- Data for Name: auth_permission; Type: TABLE DATA; Schema: public; Owner: diagnostic_user
--

COPY public.auth_permission (id, name, content_type_id, codename) FROM stdin;
1	Can add diagnostic	1	add_diagnostic
2	Can change diagnostic	1	change_diagnostic
3	Can delete diagnostic	1	delete_diagnostic
4	Can view diagnostic	1	view_diagnostic
5	Can add type abonnement	2	add_typeabonnement
6	Can change type abonnement	2	change_typeabonnement
7	Can delete type abonnement	2	delete_typeabonnement
8	Can view type abonnement	2	view_typeabonnement
9	Can add abonnement	3	add_abonnement
10	Can change abonnement	3	change_abonnement
11	Can delete abonnement	3	delete_abonnement
12	Can view abonnement	3	view_abonnement
13	Can add paiement	4	add_paiement
14	Can change paiement	4	change_paiement
15	Can delete paiement	4	delete_paiement
16	Can view paiement	4	view_paiement
17	Can add protocole	5	add_protocole
18	Can change protocole	5	change_protocole
19	Can delete protocole	5	delete_protocole
20	Can view protocole	5	view_protocole
21	Can add vehicule	6	add_vehicule
22	Can change vehicule	6	change_vehicule
23	Can delete vehicule	6	delete_vehicule
24	Can view vehicule	6	view_vehicule
25	Can add log entry	7	add_logentry
26	Can change log entry	7	change_logentry
27	Can delete log entry	7	delete_logentry
28	Can view log entry	7	view_logentry
29	Can add permission	8	add_permission
30	Can change permission	8	change_permission
31	Can delete permission	8	delete_permission
32	Can view permission	8	view_permission
33	Can add group	9	add_group
34	Can change group	9	change_group
35	Can delete group	9	delete_group
36	Can view group	9	view_group
37	Can add user	10	add_user
38	Can change user	10	change_user
39	Can delete user	10	delete_user
40	Can view user	10	view_user
41	Can add content type	11	add_contenttype
42	Can change content type	11	change_contenttype
43	Can delete content type	11	delete_contenttype
44	Can view content type	11	view_contenttype
45	Can add session	12	add_session
46	Can change session	12	change_session
47	Can delete session	12	delete_session
48	Can view session	12	view_session
49	Can add message	13	add_message
50	Can change message	13	change_message
51	Can delete message	13	delete_message
52	Can view message	13	view_message
53	Can add rendezvous	14	add_rendezvous
54	Can change rendezvous	14	change_rendezvous
55	Can delete rendezvous	14	delete_rendezvous
56	Can view rendezvous	14	view_rendezvous
\.


--
-- Data for Name: auth_user; Type: TABLE DATA; Schema: public; Owner: diagnostic_user
--

COPY public.auth_user (id, password, last_login, is_superuser, username, first_name, last_name, email, is_staff, is_active, date_joined) FROM stdin;
2	pbkdf2_sha256$1000000$02x6eueGlquB3zTt8pPtTT$WRDU8ExTCe9BXy4r7tC4Qu6+t/KBkMc93S9c55LWr04=	\N	f	axel	Axel	MOURANGA	mourangaaxel@gmail.com	t	t	2025-05-26 20:06:08+00
3	pbkdf2_sha256$1000000$w4DxN4JAk1QaAUyE77yetM$7kshRt4pt9u3uRWfqY7h2nVlrXujjmR/BFOcWj3TcWw=	\N	f	Freud				f	t	2025-05-28 10:27:34.122884+00
1	pbkdf2_sha256$1000000$t73JI9Dfh3EqlbuUWreQRy$ebAJYQD6RxPQR8/PUvqDmHqbW1B0VUNLrEmgLipaxfw=	2025-05-30 11:55:42.296753+00	t	admin	Job	ETOKABEKA	admin@gmail.com	t	t	2025-05-26 10:48:44+00
\.


--
-- Data for Name: auth_user_groups; Type: TABLE DATA; Schema: public; Owner: diagnostic_user
--

COPY public.auth_user_groups (id, user_id, group_id) FROM stdin;
\.


--
-- Data for Name: auth_user_user_permissions; Type: TABLE DATA; Schema: public; Owner: diagnostic_user
--

COPY public.auth_user_user_permissions (id, user_id, permission_id) FROM stdin;
\.


--
-- Data for Name: core_abonnement; Type: TABLE DATA; Schema: public; Owner: diagnostic_user
--

COPY public.core_abonnement (id, date_debut, actif, utilisateur_id, type_id, vehicule_id, date_fin, apiuser, statut_paiement, token, montant) FROM stdin;
2	2025-05-26	t	1	1	1	2025-06-26	0cc8a6aa-ace5-443d-945a-460aa627a6fe	SUCCESSFUL	eyJ0eXAiOiJKV1QiLCJhbGciOiJSMjU2In0.eyJjbGllbnRJZCI6IjBjYzhhNmFhLWFjZTUtNDQzZC05NDVhLTQ2MGFhNjI3YTZmZSIsImV4cGlyZXMiOiIyMDI1LTA1LTI2VDIwOjE5OjA1LjUzMSIsInNlc3Npb25JZCI6IjMyZGVlMTczLTYyZDItNDA1NC05MDVlLWI2NTU4ODY3ZmE3MiJ9.AjRN-9w5AGfDkPCs3_dFFnFTHK7IvK8gbtwji-3suD8cfidXLj-0Vg0RS7r-j_Jg6YyZEW79QKo9PlCqVWPwpGyAVRhlqV24KzfAiF3EzyWJyB9fOJD-IQH-UHWVaDnu0BeXKgzNINjAp1jx1BWoC3K48t1RM5U5t1DKXc1QUyjcwXdSFjhnR2wTBadwmKHx60DkUUGBUdp3GeCLEJyE-W3aeuWoypYcnCtyeKZdnWpfm79-Y0J3rjsWS1UctsoxHTirOxBLZa5LRSrvpEiILJik9WEB4uBbEbaSXXGnWjGI7vpC_TQxh05NDfjateldN083XiPrlTY9a8vWVtNiLg	10000.00
1	2025-05-26	f	1	1	1	\N	\N	\N		10000.00
3	2025-05-28	f	1	1	1	\N		PENDING		10000.00
4	2025-05-29	t	1	1	1	2025-06-29	ece11b43-cfca-40f2-880b-9e3565529375	SUCCESSFUL	eyJ0eXAiOiJKV1QiLCJhbGciOiJSMjU2In0.eyJjbGllbnRJZCI6ImVjZTExYjQzLWNmY2EtNDBmMi04ODBiLTllMzU2NTUyOTM3NSIsImV4cGlyZXMiOiIyMDI1LTA1LTI5VDA4OjM0OjAwLjk4MSIsInNlc3Npb25JZCI6IjkyNzE1OWMwLTlhOTYtNDk3OC05ZGU1LTY5NGYzMzgxMTk1OCJ9.QazNnOUepPclSFjB5ZZp4PACN95KcETTsQCocdjrNk5eGhrpLqPp0Km1SgNZ2tuy1vTbzpJ2S7DvKekZcXhS6ka4Vq4LQyd15VYLfqTl7Ody7-5yWz3s06gJJi4dQPPIsGxa-hlJC7G6fSmTR-me3x0PGfprZ38KqzK0lCyaG9wkSpi1kraYGCZlxHlAZGzMMRVxLGBh0LL7doxOiDoyAMFycQrGAU71BlM47mm6dyyZwLD7yeIzZXWUqI4eklN04A7f9uHqfbUEgazNQvfMWNUOaeb4BkfMDmrt3miKHk_SWWMFHuL2-6I1bm--eooF4k9zKJjchf79B1tv-ab3lA	10000.00
\.


--
-- Data for Name: core_diagnostic; Type: TABLE DATA; Schema: public; Owner: diagnostic_user
--

COPY public.core_diagnostic (id, fichier, date_envoi, etat, vehicule_id) FROM stdin;
1	media/diagnostics/Capture_décran_2025-05-10_à_09.19.47.png	2025-05-28 10:32:34.306448+00	PENDING	1
\.


--
-- Data for Name: core_message; Type: TABLE DATA; Schema: public; Owner: diagnostic_user
--

COPY public.core_message (id, content, fichier, "timestamp", recipient_id, sender_id, parent_id) FROM stdin;
\.


--
-- Data for Name: core_paiement; Type: TABLE DATA; Schema: public; Owner: diagnostic_user
--

COPY public.core_paiement (id, montant, date, methode, statut, abonnement_id) FROM stdin;
1	10000.00	2025-05-26 19:19:06.687393+00	MTN Money	SUCCESSFUL	2
2	10000.00	2025-05-28 07:42:28.094444+00	Espèces	PENDING	3
3	10000.00	2025-05-29 07:34:02.937775+00	MTN Money	SUCCESSFUL	4
\.


--
-- Data for Name: core_protocole; Type: TABLE DATA; Schema: public; Owner: diagnostic_user
--

COPY public.core_protocole (id, fichier, date_envoi, diagnostic_id) FROM stdin;
\.


--
-- Data for Name: core_rendezvous; Type: TABLE DATA; Schema: public; Owner: diagnostic_user
--

COPY public.core_rendezvous (id, nom, email, immatriculation, date, message, phone, motif) FROM stdin;
\.


--
-- Data for Name: core_typeabonnement; Type: TABLE DATA; Schema: public; Owner: diagnostic_user
--

COPY public.core_typeabonnement (id, montant, type, duree) FROM stdin;
1	10000.00	mensuel	1
2	25000.00	trimestriel	3
3	90000.00	annuel	12
\.


--
-- Data for Name: core_vehicule; Type: TABLE DATA; Schema: public; Owner: diagnostic_user
--

COPY public.core_vehicule (id, marque, modele, annee, numero_chassis, utilisateur_id) FROM stdin;
1	TOYOTA	PRADO	2020	JT5565	1
\.


--
-- Data for Name: django_admin_log; Type: TABLE DATA; Schema: public; Owner: diagnostic_user
--

COPY public.django_admin_log (id, action_time, object_id, object_repr, action_flag, change_message, content_type_id, user_id) FROM stdin;
1	2025-05-26 11:40:29.657093+00	1	mensuel - 10000	1	[{"added": {}}]	2	1
2	2025-05-26 11:41:00.313244+00	2	trimestriel - 25000	1	[{"added": {}}]	2	1
3	2025-05-26 11:41:14.411801+00	3	annuel - 90000	1	[{"added": {}}]	2	1
4	2025-05-26 20:05:42.686712+00	1	Administration	1	[{"added": {}}]	9	1
5	2025-05-26 20:06:10.281705+00	2	axel	1	[{"added": {}}]	10	1
6	2025-05-26 20:06:48.990874+00	2	axel	2	[{"changed": {"fields": ["First name", "Last name", "Email address", "Staff status"]}}]	10	1
7	2025-05-27 09:44:46.708817+00	2	Abonnement mensuel - 10000.00 - admin	2	[{"changed": {"fields": ["Montant"]}}]	3	1
8	2025-05-27 09:44:58.098425+00	1	Abonnement mensuel - 10000.00 - admin	2	[{"changed": {"fields": ["Montant"]}}]	3	1
9	2025-05-27 09:54:59.004552+00	1	admin	2	[{"changed": {"fields": ["First name", "Last name"]}}]	10	1
10	2025-05-28 12:55:45.803743+00	1	Diagnostic de TOYOTA PRADO (JT5565) - en_attente	2	[{"changed": {"fields": ["Fichier"]}}]	1	1
11	2025-05-28 13:13:10.025862+00	1	Diagnostic de TOYOTA PRADO (JT5565) - PENDING	2	[{"changed": {"fields": ["Etat"]}}]	1	1
\.


--
-- Data for Name: django_content_type; Type: TABLE DATA; Schema: public; Owner: diagnostic_user
--

COPY public.django_content_type (id, app_label, model) FROM stdin;
1	core	diagnostic
2	core	typeabonnement
3	core	abonnement
4	core	paiement
5	core	protocole
6	core	vehicule
7	admin	logentry
8	auth	permission
9	auth	group
10	auth	user
11	contenttypes	contenttype
12	sessions	session
13	core	message
14	core	rendezvous
\.


--
-- Data for Name: django_migrations; Type: TABLE DATA; Schema: public; Owner: diagnostic_user
--

COPY public.django_migrations (id, app, name, applied) FROM stdin;
1	contenttypes	0001_initial	2025-05-26 10:48:39.501939+00
2	auth	0001_initial	2025-05-26 10:48:39.696645+00
3	admin	0001_initial	2025-05-26 10:48:39.7319+00
4	admin	0002_logentry_remove_auto_add	2025-05-26 10:48:39.73959+00
5	admin	0003_logentry_add_action_flag_choices	2025-05-26 10:48:39.749843+00
6	contenttypes	0002_remove_content_type_name	2025-05-26 10:48:39.813829+00
7	auth	0002_alter_permission_name_max_length	2025-05-26 10:48:39.823479+00
8	auth	0003_alter_user_email_max_length	2025-05-26 10:48:39.908489+00
9	auth	0004_alter_user_username_opts	2025-05-26 10:48:39.916087+00
10	auth	0005_alter_user_last_login_null	2025-05-26 10:48:39.926393+00
11	auth	0006_require_contenttypes_0002	2025-05-26 10:48:39.92979+00
12	auth	0007_alter_validators_add_error_messages	2025-05-26 10:48:40.006769+00
13	auth	0008_alter_user_username_max_length	2025-05-26 10:48:40.022521+00
14	auth	0009_alter_user_last_name_max_length	2025-05-26 10:48:40.033597+00
15	auth	0010_alter_group_name_max_length	2025-05-26 10:48:40.122135+00
16	auth	0011_update_proxy_permissions	2025-05-26 10:48:40.131034+00
17	auth	0012_alter_user_first_name_max_length	2025-05-26 10:48:40.209767+00
18	core	0001_initial	2025-05-26 10:48:40.539556+00
19	core	0002_typeabonnement_duree	2025-05-26 10:48:40.560318+00
20	core	0003_abonnement_date_fin	2025-05-26 10:48:40.576409+00
21	core	0004_abonnement_apiuser_abonnement_statut_paiement_and_more	2025-05-26 10:48:40.713584+00
22	core	0005_alter_abonnement_token	2025-05-26 10:48:40.807616+00
23	sessions	0001_initial	2025-05-26 10:48:40.84552+00
24	core	0006_alter_paiement_abonnement	2025-05-27 09:27:51.8098+00
25	core	0007_abonnement_montant	2025-05-27 09:27:51.890902+00
26	core	0008_message	2025-05-27 16:26:13.533105+00
27	core	0009_message_parent	2025-05-27 16:26:13.615372+00
28	core	0010_alter_diagnostic_etat	2025-05-28 13:10:56.850128+00
29	core	0011_rendezvous	2025-05-30 11:52:07.80736+00
30	core	0012_rendezvous_phone	2025-05-30 11:52:07.817056+00
31	core	0013_rendezvous_motif	2025-05-30 11:52:07.887462+00
\.


--
-- Data for Name: django_session; Type: TABLE DATA; Schema: public; Owner: diagnostic_user
--

COPY public.django_session (session_key, session_data, expire_date) FROM stdin;
oi4e88sdea4q27erre68n8rcn2q9adhs	.eJxVjMsOwiAQRf-FtSEdhhbGpXu_gfAYpGogKe3K-O_apAvd3nPOfQnnt7W4rfPi5iTOAsTpdws-PrjuIN19vTUZW12XOchdkQft8toSPy-H-3dQfC_fWhFlFWm0AxlOGijZ0UysDISIBrSNRKQNZEK0GBSrCW0eFEKG6BnF-wOzDjan:1uJr3V:fvu0cWSEZI1Ee-T2-FP0U8-vMJPoLF6qrfDgF4cTljw	2025-06-10 09:57:09.609374+00
5mvdiw3409aolxzvsw5m55ow0bhid9t0	.eJxVjMsOwiAQRf-FtSEdhhbGpXu_gfAYpGogKe3K-O_apAvd3nPOfQnnt7W4rfPi5iTOAsTpdws-PrjuIN19vTUZW12XOchdkQft8toSPy-H-3dQfC_fWhFlFWm0AxlOGijZ0UysDISIBrSNRKQNZEK0GBSrCW0eFEKG6BnF-wOzDjan:1uKyKs:DmPJeD5VKYYVtk6SfeXffHDGInVm1XNsat2_PVsNYFY	2025-06-13 11:55:42.300439+00
\.


--
-- Name: auth_group_id_seq; Type: SEQUENCE SET; Schema: public; Owner: diagnostic_user
--

SELECT pg_catalog.setval('public.auth_group_id_seq', 1, true);


--
-- Name: auth_group_permissions_id_seq; Type: SEQUENCE SET; Schema: public; Owner: diagnostic_user
--

SELECT pg_catalog.setval('public.auth_group_permissions_id_seq', 38, true);


--
-- Name: auth_permission_id_seq; Type: SEQUENCE SET; Schema: public; Owner: diagnostic_user
--

SELECT pg_catalog.setval('public.auth_permission_id_seq', 56, true);


--
-- Name: auth_user_groups_id_seq; Type: SEQUENCE SET; Schema: public; Owner: diagnostic_user
--

SELECT pg_catalog.setval('public.auth_user_groups_id_seq', 1, false);


--
-- Name: auth_user_id_seq; Type: SEQUENCE SET; Schema: public; Owner: diagnostic_user
--

SELECT pg_catalog.setval('public.auth_user_id_seq', 3, true);


--
-- Name: auth_user_user_permissions_id_seq; Type: SEQUENCE SET; Schema: public; Owner: diagnostic_user
--

SELECT pg_catalog.setval('public.auth_user_user_permissions_id_seq', 1, false);


--
-- Name: core_abonnement_id_seq; Type: SEQUENCE SET; Schema: public; Owner: diagnostic_user
--

SELECT pg_catalog.setval('public.core_abonnement_id_seq', 4, true);


--
-- Name: core_diagnostic_id_seq; Type: SEQUENCE SET; Schema: public; Owner: diagnostic_user
--

SELECT pg_catalog.setval('public.core_diagnostic_id_seq', 1, true);


--
-- Name: core_message_id_seq; Type: SEQUENCE SET; Schema: public; Owner: diagnostic_user
--

SELECT pg_catalog.setval('public.core_message_id_seq', 1, false);


--
-- Name: core_paiement_id_seq; Type: SEQUENCE SET; Schema: public; Owner: diagnostic_user
--

SELECT pg_catalog.setval('public.core_paiement_id_seq', 3, true);


--
-- Name: core_protocole_id_seq; Type: SEQUENCE SET; Schema: public; Owner: diagnostic_user
--

SELECT pg_catalog.setval('public.core_protocole_id_seq', 1, false);


--
-- Name: core_rendezvous_id_seq; Type: SEQUENCE SET; Schema: public; Owner: diagnostic_user
--

SELECT pg_catalog.setval('public.core_rendezvous_id_seq', 1, false);


--
-- Name: core_typeabonnement_id_seq; Type: SEQUENCE SET; Schema: public; Owner: diagnostic_user
--

SELECT pg_catalog.setval('public.core_typeabonnement_id_seq', 3, true);


--
-- Name: core_vehicule_id_seq; Type: SEQUENCE SET; Schema: public; Owner: diagnostic_user
--

SELECT pg_catalog.setval('public.core_vehicule_id_seq', 1, true);


--
-- Name: django_admin_log_id_seq; Type: SEQUENCE SET; Schema: public; Owner: diagnostic_user
--

SELECT pg_catalog.setval('public.django_admin_log_id_seq', 11, true);


--
-- Name: django_content_type_id_seq; Type: SEQUENCE SET; Schema: public; Owner: diagnostic_user
--

SELECT pg_catalog.setval('public.django_content_type_id_seq', 14, true);


--
-- Name: django_migrations_id_seq; Type: SEQUENCE SET; Schema: public; Owner: diagnostic_user
--

SELECT pg_catalog.setval('public.django_migrations_id_seq', 31, true);


--
-- Name: auth_group auth_group_name_key; Type: CONSTRAINT; Schema: public; Owner: diagnostic_user
--

ALTER TABLE ONLY public.auth_group
    ADD CONSTRAINT auth_group_name_key UNIQUE (name);


--
-- Name: auth_group_permissions auth_group_permissions_group_id_permission_id_0cd325b0_uniq; Type: CONSTRAINT; Schema: public; Owner: diagnostic_user
--

ALTER TABLE ONLY public.auth_group_permissions
    ADD CONSTRAINT auth_group_permissions_group_id_permission_id_0cd325b0_uniq UNIQUE (group_id, permission_id);


--
-- Name: auth_group_permissions auth_group_permissions_pkey; Type: CONSTRAINT; Schema: public; Owner: diagnostic_user
--

ALTER TABLE ONLY public.auth_group_permissions
    ADD CONSTRAINT auth_group_permissions_pkey PRIMARY KEY (id);


--
-- Name: auth_group auth_group_pkey; Type: CONSTRAINT; Schema: public; Owner: diagnostic_user
--

ALTER TABLE ONLY public.auth_group
    ADD CONSTRAINT auth_group_pkey PRIMARY KEY (id);


--
-- Name: auth_permission auth_permission_content_type_id_codename_01ab375a_uniq; Type: CONSTRAINT; Schema: public; Owner: diagnostic_user
--

ALTER TABLE ONLY public.auth_permission
    ADD CONSTRAINT auth_permission_content_type_id_codename_01ab375a_uniq UNIQUE (content_type_id, codename);


--
-- Name: auth_permission auth_permission_pkey; Type: CONSTRAINT; Schema: public; Owner: diagnostic_user
--

ALTER TABLE ONLY public.auth_permission
    ADD CONSTRAINT auth_permission_pkey PRIMARY KEY (id);


--
-- Name: auth_user_groups auth_user_groups_pkey; Type: CONSTRAINT; Schema: public; Owner: diagnostic_user
--

ALTER TABLE ONLY public.auth_user_groups
    ADD CONSTRAINT auth_user_groups_pkey PRIMARY KEY (id);


--
-- Name: auth_user_groups auth_user_groups_user_id_group_id_94350c0c_uniq; Type: CONSTRAINT; Schema: public; Owner: diagnostic_user
--

ALTER TABLE ONLY public.auth_user_groups
    ADD CONSTRAINT auth_user_groups_user_id_group_id_94350c0c_uniq UNIQUE (user_id, group_id);


--
-- Name: auth_user auth_user_pkey; Type: CONSTRAINT; Schema: public; Owner: diagnostic_user
--

ALTER TABLE ONLY public.auth_user
    ADD CONSTRAINT auth_user_pkey PRIMARY KEY (id);


--
-- Name: auth_user_user_permissions auth_user_user_permissions_pkey; Type: CONSTRAINT; Schema: public; Owner: diagnostic_user
--

ALTER TABLE ONLY public.auth_user_user_permissions
    ADD CONSTRAINT auth_user_user_permissions_pkey PRIMARY KEY (id);


--
-- Name: auth_user_user_permissions auth_user_user_permissions_user_id_permission_id_14a6b632_uniq; Type: CONSTRAINT; Schema: public; Owner: diagnostic_user
--

ALTER TABLE ONLY public.auth_user_user_permissions
    ADD CONSTRAINT auth_user_user_permissions_user_id_permission_id_14a6b632_uniq UNIQUE (user_id, permission_id);


--
-- Name: auth_user auth_user_username_key; Type: CONSTRAINT; Schema: public; Owner: diagnostic_user
--

ALTER TABLE ONLY public.auth_user
    ADD CONSTRAINT auth_user_username_key UNIQUE (username);


--
-- Name: core_abonnement core_abonnement_pkey; Type: CONSTRAINT; Schema: public; Owner: diagnostic_user
--

ALTER TABLE ONLY public.core_abonnement
    ADD CONSTRAINT core_abonnement_pkey PRIMARY KEY (id);


--
-- Name: core_diagnostic core_diagnostic_pkey; Type: CONSTRAINT; Schema: public; Owner: diagnostic_user
--

ALTER TABLE ONLY public.core_diagnostic
    ADD CONSTRAINT core_diagnostic_pkey PRIMARY KEY (id);


--
-- Name: core_message core_message_pkey; Type: CONSTRAINT; Schema: public; Owner: diagnostic_user
--

ALTER TABLE ONLY public.core_message
    ADD CONSTRAINT core_message_pkey PRIMARY KEY (id);


--
-- Name: core_paiement core_paiement_abonnement_id_1ba69986_uniq; Type: CONSTRAINT; Schema: public; Owner: diagnostic_user
--

ALTER TABLE ONLY public.core_paiement
    ADD CONSTRAINT core_paiement_abonnement_id_1ba69986_uniq UNIQUE (abonnement_id);


--
-- Name: core_paiement core_paiement_pkey; Type: CONSTRAINT; Schema: public; Owner: diagnostic_user
--

ALTER TABLE ONLY public.core_paiement
    ADD CONSTRAINT core_paiement_pkey PRIMARY KEY (id);


--
-- Name: core_protocole core_protocole_diagnostic_id_key; Type: CONSTRAINT; Schema: public; Owner: diagnostic_user
--

ALTER TABLE ONLY public.core_protocole
    ADD CONSTRAINT core_protocole_diagnostic_id_key UNIQUE (diagnostic_id);


--
-- Name: core_protocole core_protocole_pkey; Type: CONSTRAINT; Schema: public; Owner: diagnostic_user
--

ALTER TABLE ONLY public.core_protocole
    ADD CONSTRAINT core_protocole_pkey PRIMARY KEY (id);


--
-- Name: core_rendezvous core_rendezvous_pkey; Type: CONSTRAINT; Schema: public; Owner: diagnostic_user
--

ALTER TABLE ONLY public.core_rendezvous
    ADD CONSTRAINT core_rendezvous_pkey PRIMARY KEY (id);


--
-- Name: core_typeabonnement core_typeabonnement_pkey; Type: CONSTRAINT; Schema: public; Owner: diagnostic_user
--

ALTER TABLE ONLY public.core_typeabonnement
    ADD CONSTRAINT core_typeabonnement_pkey PRIMARY KEY (id);


--
-- Name: core_vehicule core_vehicule_pkey; Type: CONSTRAINT; Schema: public; Owner: diagnostic_user
--

ALTER TABLE ONLY public.core_vehicule
    ADD CONSTRAINT core_vehicule_pkey PRIMARY KEY (id);


--
-- Name: django_admin_log django_admin_log_pkey; Type: CONSTRAINT; Schema: public; Owner: diagnostic_user
--

ALTER TABLE ONLY public.django_admin_log
    ADD CONSTRAINT django_admin_log_pkey PRIMARY KEY (id);


--
-- Name: django_content_type django_content_type_app_label_model_76bd3d3b_uniq; Type: CONSTRAINT; Schema: public; Owner: diagnostic_user
--

ALTER TABLE ONLY public.django_content_type
    ADD CONSTRAINT django_content_type_app_label_model_76bd3d3b_uniq UNIQUE (app_label, model);


--
-- Name: django_content_type django_content_type_pkey; Type: CONSTRAINT; Schema: public; Owner: diagnostic_user
--

ALTER TABLE ONLY public.django_content_type
    ADD CONSTRAINT django_content_type_pkey PRIMARY KEY (id);


--
-- Name: django_migrations django_migrations_pkey; Type: CONSTRAINT; Schema: public; Owner: diagnostic_user
--

ALTER TABLE ONLY public.django_migrations
    ADD CONSTRAINT django_migrations_pkey PRIMARY KEY (id);


--
-- Name: django_session django_session_pkey; Type: CONSTRAINT; Schema: public; Owner: diagnostic_user
--

ALTER TABLE ONLY public.django_session
    ADD CONSTRAINT django_session_pkey PRIMARY KEY (session_key);


--
-- Name: auth_group_name_a6ea08ec_like; Type: INDEX; Schema: public; Owner: diagnostic_user
--

CREATE INDEX auth_group_name_a6ea08ec_like ON public.auth_group USING btree (name varchar_pattern_ops);


--
-- Name: auth_group_permissions_group_id_b120cbf9; Type: INDEX; Schema: public; Owner: diagnostic_user
--

CREATE INDEX auth_group_permissions_group_id_b120cbf9 ON public.auth_group_permissions USING btree (group_id);


--
-- Name: auth_group_permissions_permission_id_84c5c92e; Type: INDEX; Schema: public; Owner: diagnostic_user
--

CREATE INDEX auth_group_permissions_permission_id_84c5c92e ON public.auth_group_permissions USING btree (permission_id);


--
-- Name: auth_permission_content_type_id_2f476e4b; Type: INDEX; Schema: public; Owner: diagnostic_user
--

CREATE INDEX auth_permission_content_type_id_2f476e4b ON public.auth_permission USING btree (content_type_id);


--
-- Name: auth_user_groups_group_id_97559544; Type: INDEX; Schema: public; Owner: diagnostic_user
--

CREATE INDEX auth_user_groups_group_id_97559544 ON public.auth_user_groups USING btree (group_id);


--
-- Name: auth_user_groups_user_id_6a12ed8b; Type: INDEX; Schema: public; Owner: diagnostic_user
--

CREATE INDEX auth_user_groups_user_id_6a12ed8b ON public.auth_user_groups USING btree (user_id);


--
-- Name: auth_user_user_permissions_permission_id_1fbb5f2c; Type: INDEX; Schema: public; Owner: diagnostic_user
--

CREATE INDEX auth_user_user_permissions_permission_id_1fbb5f2c ON public.auth_user_user_permissions USING btree (permission_id);


--
-- Name: auth_user_user_permissions_user_id_a95ead1b; Type: INDEX; Schema: public; Owner: diagnostic_user
--

CREATE INDEX auth_user_user_permissions_user_id_a95ead1b ON public.auth_user_user_permissions USING btree (user_id);


--
-- Name: auth_user_username_6821ab7c_like; Type: INDEX; Schema: public; Owner: diagnostic_user
--

CREATE INDEX auth_user_username_6821ab7c_like ON public.auth_user USING btree (username varchar_pattern_ops);


--
-- Name: core_abonnement_type_id_ff046ea3; Type: INDEX; Schema: public; Owner: diagnostic_user
--

CREATE INDEX core_abonnement_type_id_ff046ea3 ON public.core_abonnement USING btree (type_id);


--
-- Name: core_abonnement_utilisateur_id_32122901; Type: INDEX; Schema: public; Owner: diagnostic_user
--

CREATE INDEX core_abonnement_utilisateur_id_32122901 ON public.core_abonnement USING btree (utilisateur_id);


--
-- Name: core_abonnement_vehicule_id_43d8bb46; Type: INDEX; Schema: public; Owner: diagnostic_user
--

CREATE INDEX core_abonnement_vehicule_id_43d8bb46 ON public.core_abonnement USING btree (vehicule_id);


--
-- Name: core_diagnostic_vehicule_id_8505175d; Type: INDEX; Schema: public; Owner: diagnostic_user
--

CREATE INDEX core_diagnostic_vehicule_id_8505175d ON public.core_diagnostic USING btree (vehicule_id);


--
-- Name: core_message_parent_id_16672f11; Type: INDEX; Schema: public; Owner: diagnostic_user
--

CREATE INDEX core_message_parent_id_16672f11 ON public.core_message USING btree (parent_id);


--
-- Name: core_message_recipient_id_f6c91824; Type: INDEX; Schema: public; Owner: diagnostic_user
--

CREATE INDEX core_message_recipient_id_f6c91824 ON public.core_message USING btree (recipient_id);


--
-- Name: core_message_sender_id_0ecf4560; Type: INDEX; Schema: public; Owner: diagnostic_user
--

CREATE INDEX core_message_sender_id_0ecf4560 ON public.core_message USING btree (sender_id);


--
-- Name: core_vehicule_utilisateur_id_49457ebc; Type: INDEX; Schema: public; Owner: diagnostic_user
--

CREATE INDEX core_vehicule_utilisateur_id_49457ebc ON public.core_vehicule USING btree (utilisateur_id);


--
-- Name: django_admin_log_content_type_id_c4bce8eb; Type: INDEX; Schema: public; Owner: diagnostic_user
--

CREATE INDEX django_admin_log_content_type_id_c4bce8eb ON public.django_admin_log USING btree (content_type_id);


--
-- Name: django_admin_log_user_id_c564eba6; Type: INDEX; Schema: public; Owner: diagnostic_user
--

CREATE INDEX django_admin_log_user_id_c564eba6 ON public.django_admin_log USING btree (user_id);


--
-- Name: django_session_expire_date_a5c62663; Type: INDEX; Schema: public; Owner: diagnostic_user
--

CREATE INDEX django_session_expire_date_a5c62663 ON public.django_session USING btree (expire_date);


--
-- Name: django_session_session_key_c0390e0f_like; Type: INDEX; Schema: public; Owner: diagnostic_user
--

CREATE INDEX django_session_session_key_c0390e0f_like ON public.django_session USING btree (session_key varchar_pattern_ops);


--
-- Name: auth_group_permissions auth_group_permissio_permission_id_84c5c92e_fk_auth_perm; Type: FK CONSTRAINT; Schema: public; Owner: diagnostic_user
--

ALTER TABLE ONLY public.auth_group_permissions
    ADD CONSTRAINT auth_group_permissio_permission_id_84c5c92e_fk_auth_perm FOREIGN KEY (permission_id) REFERENCES public.auth_permission(id) DEFERRABLE INITIALLY DEFERRED;


--
-- Name: auth_group_permissions auth_group_permissions_group_id_b120cbf9_fk_auth_group_id; Type: FK CONSTRAINT; Schema: public; Owner: diagnostic_user
--

ALTER TABLE ONLY public.auth_group_permissions
    ADD CONSTRAINT auth_group_permissions_group_id_b120cbf9_fk_auth_group_id FOREIGN KEY (group_id) REFERENCES public.auth_group(id) DEFERRABLE INITIALLY DEFERRED;


--
-- Name: auth_permission auth_permission_content_type_id_2f476e4b_fk_django_co; Type: FK CONSTRAINT; Schema: public; Owner: diagnostic_user
--

ALTER TABLE ONLY public.auth_permission
    ADD CONSTRAINT auth_permission_content_type_id_2f476e4b_fk_django_co FOREIGN KEY (content_type_id) REFERENCES public.django_content_type(id) DEFERRABLE INITIALLY DEFERRED;


--
-- Name: auth_user_groups auth_user_groups_group_id_97559544_fk_auth_group_id; Type: FK CONSTRAINT; Schema: public; Owner: diagnostic_user
--

ALTER TABLE ONLY public.auth_user_groups
    ADD CONSTRAINT auth_user_groups_group_id_97559544_fk_auth_group_id FOREIGN KEY (group_id) REFERENCES public.auth_group(id) DEFERRABLE INITIALLY DEFERRED;


--
-- Name: auth_user_groups auth_user_groups_user_id_6a12ed8b_fk_auth_user_id; Type: FK CONSTRAINT; Schema: public; Owner: diagnostic_user
--

ALTER TABLE ONLY public.auth_user_groups
    ADD CONSTRAINT auth_user_groups_user_id_6a12ed8b_fk_auth_user_id FOREIGN KEY (user_id) REFERENCES public.auth_user(id) DEFERRABLE INITIALLY DEFERRED;


--
-- Name: auth_user_user_permissions auth_user_user_permi_permission_id_1fbb5f2c_fk_auth_perm; Type: FK CONSTRAINT; Schema: public; Owner: diagnostic_user
--

ALTER TABLE ONLY public.auth_user_user_permissions
    ADD CONSTRAINT auth_user_user_permi_permission_id_1fbb5f2c_fk_auth_perm FOREIGN KEY (permission_id) REFERENCES public.auth_permission(id) DEFERRABLE INITIALLY DEFERRED;


--
-- Name: auth_user_user_permissions auth_user_user_permissions_user_id_a95ead1b_fk_auth_user_id; Type: FK CONSTRAINT; Schema: public; Owner: diagnostic_user
--

ALTER TABLE ONLY public.auth_user_user_permissions
    ADD CONSTRAINT auth_user_user_permissions_user_id_a95ead1b_fk_auth_user_id FOREIGN KEY (user_id) REFERENCES public.auth_user(id) DEFERRABLE INITIALLY DEFERRED;


--
-- Name: core_abonnement core_abonnement_type_id_ff046ea3_fk_core_typeabonnement_id; Type: FK CONSTRAINT; Schema: public; Owner: diagnostic_user
--

ALTER TABLE ONLY public.core_abonnement
    ADD CONSTRAINT core_abonnement_type_id_ff046ea3_fk_core_typeabonnement_id FOREIGN KEY (type_id) REFERENCES public.core_typeabonnement(id) DEFERRABLE INITIALLY DEFERRED;


--
-- Name: core_abonnement core_abonnement_utilisateur_id_32122901_fk_auth_user_id; Type: FK CONSTRAINT; Schema: public; Owner: diagnostic_user
--

ALTER TABLE ONLY public.core_abonnement
    ADD CONSTRAINT core_abonnement_utilisateur_id_32122901_fk_auth_user_id FOREIGN KEY (utilisateur_id) REFERENCES public.auth_user(id) DEFERRABLE INITIALLY DEFERRED;


--
-- Name: core_abonnement core_abonnement_vehicule_id_43d8bb46_fk_core_vehicule_id; Type: FK CONSTRAINT; Schema: public; Owner: diagnostic_user
--

ALTER TABLE ONLY public.core_abonnement
    ADD CONSTRAINT core_abonnement_vehicule_id_43d8bb46_fk_core_vehicule_id FOREIGN KEY (vehicule_id) REFERENCES public.core_vehicule(id) DEFERRABLE INITIALLY DEFERRED;


--
-- Name: core_diagnostic core_diagnostic_vehicule_id_8505175d_fk_core_vehicule_id; Type: FK CONSTRAINT; Schema: public; Owner: diagnostic_user
--

ALTER TABLE ONLY public.core_diagnostic
    ADD CONSTRAINT core_diagnostic_vehicule_id_8505175d_fk_core_vehicule_id FOREIGN KEY (vehicule_id) REFERENCES public.core_vehicule(id) DEFERRABLE INITIALLY DEFERRED;


--
-- Name: core_message core_message_parent_id_16672f11_fk_core_message_id; Type: FK CONSTRAINT; Schema: public; Owner: diagnostic_user
--

ALTER TABLE ONLY public.core_message
    ADD CONSTRAINT core_message_parent_id_16672f11_fk_core_message_id FOREIGN KEY (parent_id) REFERENCES public.core_message(id) DEFERRABLE INITIALLY DEFERRED;


--
-- Name: core_message core_message_recipient_id_f6c91824_fk_auth_user_id; Type: FK CONSTRAINT; Schema: public; Owner: diagnostic_user
--

ALTER TABLE ONLY public.core_message
    ADD CONSTRAINT core_message_recipient_id_f6c91824_fk_auth_user_id FOREIGN KEY (recipient_id) REFERENCES public.auth_user(id) DEFERRABLE INITIALLY DEFERRED;


--
-- Name: core_message core_message_sender_id_0ecf4560_fk_auth_user_id; Type: FK CONSTRAINT; Schema: public; Owner: diagnostic_user
--

ALTER TABLE ONLY public.core_message
    ADD CONSTRAINT core_message_sender_id_0ecf4560_fk_auth_user_id FOREIGN KEY (sender_id) REFERENCES public.auth_user(id) DEFERRABLE INITIALLY DEFERRED;


--
-- Name: core_paiement core_paiement_abonnement_id_1ba69986_fk_core_abonnement_id; Type: FK CONSTRAINT; Schema: public; Owner: diagnostic_user
--

ALTER TABLE ONLY public.core_paiement
    ADD CONSTRAINT core_paiement_abonnement_id_1ba69986_fk_core_abonnement_id FOREIGN KEY (abonnement_id) REFERENCES public.core_abonnement(id) DEFERRABLE INITIALLY DEFERRED;


--
-- Name: core_protocole core_protocole_diagnostic_id_fd69b83e_fk_core_diagnostic_id; Type: FK CONSTRAINT; Schema: public; Owner: diagnostic_user
--

ALTER TABLE ONLY public.core_protocole
    ADD CONSTRAINT core_protocole_diagnostic_id_fd69b83e_fk_core_diagnostic_id FOREIGN KEY (diagnostic_id) REFERENCES public.core_diagnostic(id) DEFERRABLE INITIALLY DEFERRED;


--
-- Name: core_vehicule core_vehicule_utilisateur_id_49457ebc_fk_auth_user_id; Type: FK CONSTRAINT; Schema: public; Owner: diagnostic_user
--

ALTER TABLE ONLY public.core_vehicule
    ADD CONSTRAINT core_vehicule_utilisateur_id_49457ebc_fk_auth_user_id FOREIGN KEY (utilisateur_id) REFERENCES public.auth_user(id) DEFERRABLE INITIALLY DEFERRED;


--
-- Name: django_admin_log django_admin_log_content_type_id_c4bce8eb_fk_django_co; Type: FK CONSTRAINT; Schema: public; Owner: diagnostic_user
--

ALTER TABLE ONLY public.django_admin_log
    ADD CONSTRAINT django_admin_log_content_type_id_c4bce8eb_fk_django_co FOREIGN KEY (content_type_id) REFERENCES public.django_content_type(id) DEFERRABLE INITIALLY DEFERRED;


--
-- Name: django_admin_log django_admin_log_user_id_c564eba6_fk_auth_user_id; Type: FK CONSTRAINT; Schema: public; Owner: diagnostic_user
--

ALTER TABLE ONLY public.django_admin_log
    ADD CONSTRAINT django_admin_log_user_id_c564eba6_fk_auth_user_id FOREIGN KEY (user_id) REFERENCES public.auth_user(id) DEFERRABLE INITIALLY DEFERRED;


--
-- Name: DEFAULT PRIVILEGES FOR SEQUENCES; Type: DEFAULT ACL; Schema: -; Owner: postgres
--

ALTER DEFAULT PRIVILEGES FOR ROLE postgres GRANT ALL ON SEQUENCES TO diagnostic_user;


--
-- Name: DEFAULT PRIVILEGES FOR TYPES; Type: DEFAULT ACL; Schema: -; Owner: postgres
--

ALTER DEFAULT PRIVILEGES FOR ROLE postgres GRANT ALL ON TYPES TO diagnostic_user;


--
-- Name: DEFAULT PRIVILEGES FOR FUNCTIONS; Type: DEFAULT ACL; Schema: -; Owner: postgres
--

ALTER DEFAULT PRIVILEGES FOR ROLE postgres GRANT ALL ON FUNCTIONS TO diagnostic_user;


--
-- Name: DEFAULT PRIVILEGES FOR TABLES; Type: DEFAULT ACL; Schema: -; Owner: postgres
--

ALTER DEFAULT PRIVILEGES FOR ROLE postgres GRANT ALL ON TABLES TO diagnostic_user;


--
-- PostgreSQL database dump complete
--

